{
  "train_loss": [
    0.6869640518665314,
    0.6011550512631734,
    0.5830153055985768,
    0.5674784146308899,
    0.5493799835205078,
    0.5228551677862803,
    0.500483307170868,
    0.4788614614168803,
    0.45832970310846965,
    0.4404979010740916,
    0.4204685542901357,
    0.404148033396403,
    0.3896375847498576,
    0.37668631134033204,
    0.3625613429069519,
    0.35178052423795064,
    0.33649899288813273,
    0.3241023743311564
  ],
  "train_acc": [
    0.71655,
    0.7510666666666667,
    0.7594833333333333,
    0.7646666666666667,
    0.7759,
    0.7889,
    0.8017,
    0.8111833333333334,
    0.8195333333333333,
    0.82715,
    0.8345833333333333,
    0.8407166666666667,
    0.84645,
    0.8499666666666666,
    0.8552666666666666,
    0.8586833333333334,
    0.8646333333333334,
    0.86805
  ],
  "val_loss": [
    0.6185412117640178,
    0.6080619504451752,
    0.6051381045182546,
    0.6173925718466441,
    0.6082955691814422,
    0.6230279036362966,
    0.6186719122727712,
    0.6229231469631195,
    0.6473255469799042,
    0.6305588420232137,
    0.6733331139087677,
    0.6798616675535838,
    0.6786985533237457,
    0.6902004576524099,
    0.7231407781442006,
    0.6990733548005422,
    0.7060488614241283,
    0.7706560570398967
  ],
  "val_acc": [
    0.7446666666666667,
    0.7393333333333333,
    0.7431666666666666,
    0.7345,
    0.7566666666666667,
    0.7606666666666667,
    0.7618333333333334,
    0.7576666666666667,
    0.757,
    0.765,
    0.7558333333333334,
    0.7615,
    0.7608333333333334,
    0.7603333333333333,
    0.7701666666666667,
    0.7576666666666667,
    0.7626666666666667,
    0.7565
  ]
}