{
  "train_loss": [
    1.3884785772705077,
    1.3866799579620361,
    1.3864412909317017,
    1.38637460395813,
    1.3863341927719117,
    1.3863288927459716,
    1.3863609433364867,
    1.3863427158355712,
    1.3863264548110963,
    1.3863361483001708,
    1.3863072115707398
  ],
  "train_acc": [
    0.25022,
    0.25194,
    0.25592,
    0.2537,
    0.25172,
    0.25238,
    0.2506,
    0.25308,
    0.25348,
    0.25266,
    0.24982
  ],
  "val_loss": [
    1.3865968418121337,
    1.3862943105697632,
    1.3867422361373902,
    1.3861590795516967,
    1.3863352823257447,
    1.3864017868041991,
    1.3861340475082398,
    1.3861266651153565,
    1.3864143800735473,
    1.386359914779663,
    1.3861968364715576
  ],
  "val_acc": [
    0.258,
    0.258,
    0.2445,
    0.258,
    0.258,
    0.2445,
    0.258,
    0.258,
    0.2445,
    0.258,
    0.2505
  ]
}