{
  "train_loss": [
    179.32482412457466,
    519.3995132446289,
    52.22072124481201,
    5.710241436958313,
    1.4531175792217255,
    1.4580883383750916,
    1.5721545815467834,
    1.5216204822063446,
    1.4118047654628754,
    1.4760795831680298,
    1.404680758714676,
    1.3976601958274841,
    1.3888146579265594,
    1.3889120817184448,
    1.3881956338882446,
    1.3884853720664978,
    1.3877165019512177,
    1.386597990989685,
    1.3868035972118378,
    1.38686802983284
  ],
  "train_acc": [
    0.291015625,
    0.275390625,
    0.234375,
    0.234375,
    0.263671875,
    0.283203125,
    0.30078125,
    0.337890625,
    0.30859375,
    0.265625,
    0.23828125,
    0.25,
    0.25,
    0.248046875,
    0.25,
    0.25,
    0.23828125,
    0.25,
    0.23828125,
    0.25
  ],
  "val_loss": [
    1410.028076171875,
    109.58073425292969,
    6.044436454772949,
    1.473219633102417,
    1.3448171615600586,
    1.4427566528320312,
    1.4046891927719116,
    1.479866862297058,
    1.4495207071304321,
    1.3819111585617065,
    1.3849148750305176,
    1.3825771808624268,
    1.38637375831604,
    1.39299738407135,
    1.3927724361419678,
    1.3918747901916504,
    1.3883206844329834,
    1.386239767074585,
    1.3857070207595825,
    1.384554386138916
  ],
  "val_acc": [
    0.2734375,
    0.296875,
    0.21875,
    0.25,
    0.3359375,
    0.328125,
    0.359375,
    0.234375,
    0.265625,
    0.265625,
    0.2734375,
    0.2734375,
    0.2734375,
    0.1875,
    0.1875,
    0.1875,
    0.265625,
    0.265625,
    0.2734375,
    0.2734375
  ]
}